<?xml version="1.0" encoding="UTF-8"?>
<!DOCTYPE mapper PUBLIC "-//mybatis.org//DTD Mapper 3.0//EN"
	"http://mybatis.org/dtd/mybatis-3-mapper.dtd">
	
<mapper namespace="com.ssafy.cafe.model.repo.CommentRepo">

	<insert id="insert" parameterType="Comment">
		INSERT INTO t_comment (user_id, product_id, rating, comment)
		VALUES (#{userId}, #{productId}, #{rating}, #{comment})
	</insert>
	
	<update id="update" parameterType="Comment">
		UPDATE t_comment
		SET rating = #{rating},
			comment = #{comment}
		WHERE id = #{id}
	</update>
	
	<delete id="delete" parameterType="int">
		DELETE
		FROM t_comment
		WHERE id = #{commentId}
	</delete>

	<select id="select" parameterType="int" resultType="Comment">
		SELECT *
		FROM t_comment
		WHERE id = #{commentId}
	</select>

	<select id="selectByProduct" parameterType="int" resultType="Comment">
		SELECT *
		FROM t_comment
		WHERE product_id = #{productId}
	</select>
</mapper>