<?xml version="1.0" encoding="UTF-8"?>
<!DOCTYPE mapper PUBLIC "-//mybatis.org//DTD Mapper 3.0//EN"
	"http://mybatis.org/dtd/mybatis-3-mapper.dtd">
	
<mapper namespace="com.ssafy.cafe.model.repo.OrderRepo">
	<insert id="insert" parameterType="Order">
		INSERT INTO t_order (user_id, order_table)
		VALUES (#{userId}, "table")
	</insert> 
	
	<select id="selectAll" resultType="Order">
		SELECT o_id as id, user_id, order_table, order_time, completed
		FROM t_order
	</select>
	
	<select id="selectWithDetail" parameterType="int" resultType="Order">
		SELECT o_id as id, user_id, order_table, order_time, completed
		FROM t_order
		WHERE o_id = #{orderId}
	</select>
	
	<select id="selectByUser" parameterType="String" resultType="Order">
		SELECT o_id as id, user_id, order_table, order_time, completed
		FROM t_order
		WHERE user_id = #{userId}
	</select>
	
	
	
</mapper>