<?xml version="1.0" encoding="UTF-8"?>
<!DOCTYPE mapper PUBLIC "-//mybatis.org//DTD Mapper 3.0//EN"
	"http://mybatis.org/dtd/mybatis-3-mapper.dtd">
	
<mapper namespace="com.ssafy.cafe.model.repo.UserRepo">
	<!-- 사용자 정보 추가 -->
	<insert id="insert" parameterType="User">
		INSERT INTO t_user (id, name, pass)
		VALUES (#{id}, #{name}, #{pass})
	</insert>
	
	<!-- 사용자의 Stamp 정보를 수정 -->
	<update id="updateStamp" parameterType="User">
		UPDATE t_user SET stamps = #{stamps}
		WHERE id = #{id}
	</update>
	
	<!-- id에 맞는 사용자 정보 조회 -->
	<select id="select" parameterType="string" resultType="User">
		SELECT id, name, stamps
		FROM t_user
		WHERE id = #{id}
	</select>
	
	<!-- id와 pass 값이 일치하는 사용자 찾기 -->
	<select id="login" parameterType="User" resultType="User">
		SELECT id, name, stamps
		FROM t_user
		WHERE id = #{id} AND pass = #{pass}
	</select>
</mapper>